{"type": "block", "layer": 4, "block": 1, "features": [{"geom": {"lines": [[[47.050432197292245, -5.7918653087968295, 0.0], [44.567745276234305, -5.485516857625212, 0.0], [43.60302062915304, -5.348884794758027, 0.0], [39.954284839528356, -4.856198427599484, 0.0], [38.04023056176694, -4.546212548220497, 0.0], [35.64347228195245, -4.087267913929961, 0.0], [33.5336475599361, -3.6228882142006626, 0.0]]]}, "mtl": 2}, {"geom": {"lines": [[[-46.52071781631603, 24.84662615820921, 0.0], [-45.60719124522956, 24.40166003879368, 0.0]]]}, "mtl": 2}, {"geom": {"lines": [[[21.462030933151887, 22.729977701943437, 0.0], [15.054611979179578, 12.845495224871353, 0.0]]]}, "mtl": 1}], "featureCount": 3}